Workbook

Sheet ChiTieu
A1: Ngày | B1: Nhóm | C1: Đối tượng | D1: Khoản chi | E1: Số tiền | F1: Thanh toán | G1: Ghi chú | H1: Tag | I1: Tiền tháng chọn | J1: Hạng tiền
A2: 46226 | B2: Ăn sáng | C2: Bản thân | D2: Mì Quảng | E2: 30000 | F2: Momo | G2: Bà Ngọc | H2: Bản thân | I2: =IF(AND(A2>=Dashboard!$B$2,A2<EDATE(Dashboard!$B$2,1),D2<>""),E2,"") -> 30000 | J2: =IF(I2="","",RANK(I2,$I$2:$I$1014,0)+COUNTIF($I$2:I2,I2)-1) -> #REF!
A3: 46226 | B3: Cafe | C3: Bản thân | D3: Cà phê sữa | E3: 29000 | F3: Thẻ SHB | G3: Hightlands | H3: Bản thân | I3: =IF(AND(A3>=Dashboard!$B$2,A3<EDATE(Dashboard!$B$2,1),D3<>""),E3,"") -> 29000 | J3: =IF(I3="","",RANK(I3,$I$2:$I$1014,0)+COUNTIF($I$2:I3,I3)-1) -> #REF!
A4: 46226 | B4: Ăn tối | C4: Bản thân | D4: Cơm | E4: 27000 | F4: VCB | G4: An Nhiên | H4: Bản thân | I4: =IF(AND(A4>=Dashboard!$B$2,A4<EDATE(Dashboard!$B$2,1),D4<>""),E4,"") -> 27000 | J4: =IF(I4="","",RANK(I4,$I$2:$I$1014,0)+COUNTIF($I$2:I4,I4)-1) -> #REF!
A5: 46226 | B5: May mắn | C5: Bản thân | D5: Vietlott | E5: 10000 | F5: App Vietlot | G5: Vietlott | H5: Bản thân | I5: =IF(AND(A5>=Dashboard!$B$2,A5<EDATE(Dashboard!$B$2,1),D5<>""),E5,"") -> 10000 | J5: =IF(I5="","",RANK(I5,$I$2:$I$1014,0)+COUNTIF($I$2:I5,I5)-1) -> #REF!
A6: 46226 | B6: May mắn | C6: Bản thân | D6: Vé số | E6: 20000 | F6: Tiền mặt | G6: Vé số | H6: Bản thân | I6: =IF(AND(A6>=Dashboard!$B$2,A6<EDATE(Dashboard!$B$2,1),D6<>""),E6,"") -> 20000 | J6: =IF(I6="","",RANK(I6,$I$2:$I$1014,0)+COUNTIF($I$2:I6,I6)-1) -> #REF!
A7: 46227 | B7: Cafe | C7: Bản thân | D7: Cà phê sữa | E7: 26000 | F7: Momo | G7: Ông Bầu | H7: Bản thân | I7: =IF(AND(A56>=Dashboard!$B$2,A56<EDATE(Dashboard!$B$2,1),D56<>""),E56,"") -> 50000 | J7: =IF(I7="","",RANK(I7,$I$2:$I$1014,0)+COUNTIF($I$2:I7,I7)-1) -> #REF!
A8: 46227 | B8: Ăn trưa | C8: Bản thân | D8: Cơm | E8: 27000 | F8: VCB | G8: An Nhiên | H8: Bản thân | I8: =IF(AND(A57>=Dashboard!$B$2,A57<EDATE(Dashboard!$B$2,1),D57<>""),E57,"") -> 60000 | J8: =IF(I8="","",RANK(I8,$I$2:$I$1014,0)+COUNTIF($I$2:I8,I8)-1) -> #REF!
A9: 46227 | B9: May mắn | C9: Bản thân | D9: Vietlott | E9: 10000 | F9: App Vietlot | G9: Vietlott | H9: Bản thân | I9: =IF(AND(A58>=Dashboard!$B$2,A58<EDATE(Dashboard!$B$2,1),D58<>""),E58,"") -> 30000 | J9: =IF(I9="","",RANK(I9,$I$2:$I$1014,0)+COUNTIF($I$2:I9,I9)-1) -> #REF!
A10: 46227 | B10: May mắn | C10: Bản thân | D10: Vé số | E10: 30000 | F10: Tiền mặt | G10: Vé số | H10: Bản thân | I10: =IF(AND(A10>=Dashboard!$B$2,A10<EDATE(Dashboard!$B$2,1),D10<>""),E10,"") -> 30000 | J10: =IF(I10="","",RANK(I10,$I$2:$I$1014,0)+COUNTIF($I$2:I10,I10)-1) -> #REF!
A11: 46227 | B11: Đồ uống | C11: Bản thân | D11: Nước cam | E11: 10000 | F11: Momo | G11: Bà Dung | H11: Bản thân | I11: =IF(AND(A11>=Dashboard!$B$2,A11<EDATE(Dashboard!$B$2,1),D11<>""),E11,"") -> 10000 | J11: =IF(I11="","",RANK(I11,$I$2:$I$1014,0)+COUNTIF($I$2:I11,I11)-1) -> #REF!
A12: 46227 | B12: Di chuyển | C12: Bản thân | D12: Về quê | E12: 145000 | F12: Thẻ SHB | G12: Đồng Phước | H12: Bản thân | I12: =IF(AND(A12>=Dashboard!$B$2,A12<EDATE(Dashboard!$B$2,1),D12<>""),E12,"") -> 145000 | J12: =IF(I12="","",RANK(I12,$I$2:$I$1014,0)+COUNTIF($I$2:I12,I12)-1) -> #REF!
A13: 46227 | B13: Khác | C13: Bản thân | D13: Đám tang | E13: 200000 | F13: Momo | G13: Ngoại thằng Hậu | H13: Khác | I13: =IF(AND(A13>=Dashboard!$B$2,A13<EDATE(Dashboard!$B$2,1),D13<>""),E13,"") -> 200000 | J13: =IF(I13="","",RANK(I13,$I$2:$I$1014,0)+COUNTIF($I$2:I13,I13)-1) -> #REF!
A14: 46227 | B14: Ăn tối | C14: Bản thân | D14: Hủ tíu bò kho | E14: 30000 | F14: Momo | G14: Hồ Bá Kiện | H14: Bản thân | I14: =IF(AND(A14>=Dashboard!$B$2,A14<EDATE(Dashboard!$B$2,1),D14<>""),E14,"") -> 30000 | J14: =IF(I14="","",RANK(I14,$I$2:$I$1014,0)+COUNTIF($I$2:I14,I14)-1) -> #REF!
A15: 46227 | B15: Đồ uống | C15: Bản thân | D15: Nước mía | E15: 12000 | F15: Momo | G15: Hồ Bá Kiện | H15: Bản thân | I15: =IF(AND(A15>=Dashboard!$B$2,A15<EDATE(Dashboard!$B$2,1),D15<>""),E15,"") -> 12000 | J15: =IF(I15="","",RANK(I15,$I$2:$I$1014,0)+COUNTIF($I$2:I15,I15)-1) -> #REF!
A16: 46228 | B16: May mắn | C16: Bản thân | D16: Vé số | E16: 50000 | F16: Tiền mặt | H16: Bản thân | I16: =IF(AND(A16>=Dashboard!$B$2,A16<EDATE(Dashboard!$B$2,1),D16<>""),E16,"") -> 50000 | J16: =IF(I16="","",RANK(I16,$I$2:$I$1014,0)+COUNTIF($I$2:I16,I16)-1) -> #REF!
A17: 46228 | B17: Ăn sáng | C17: Bản thân | D17: Hủ tiếu | E17: 20000 | F17: Tiền mặt | G17: Cô 7 | H17: Bản thân | I17: =IF(AND(A17>=Dashboard!$B$2,A17<EDATE(Dashboard!$B$2,1),D17<>""),E17,"") -> 20000 | J17: =IF(I17="","",RANK(I17,$I$2:$I$1014,0)+COUNTIF($I$2:I17,I17)-1) -> #REF!
A18: 46228 | B18: Ăn sáng | C18: Vú | D18: Hủ tiếu | E18: 10000 | F18: Tiền mặt | G18: Bà Trang | H18: Vú | I18: =IF(AND(A18>=Dashboard!$B$2,A18<EDATE(Dashboard!$B$2,1),D18<>""),E18,"") -> 10000 | J18: =IF(I18="","",RANK(I18,$I$2:$I$1014,0)+COUNTIF($I$2:I18,I18)-1) -> #REF!
A19: 46228 | B19: Ăn sáng | C19: Con | D19: Bánh bao | E19: 38000 | F19: Tiền mặt | G19: Công viên | H19: Con | I19: =IF(AND(A19>=Dashboard!$B$2,A19<EDATE(Dashboard!$B$2,1),D19<>""),E19,"") -> 38000 | J19: =IF(I19="","",RANK(I19,$I$2:$I$1014,0)+COUNTIF($I$2:I19,I19)-1) -> #REF!
A20: 46228 | B20: Đồ uống | C20: Con | D20: Reveive lạnh | E20: 20000 | F20: Tiền mặt | G20: Trụ nước công cộng | H20: Con | I20: =IF(AND(A20>=Dashboard!$B$2,A20<EDATE(Dashboard!$B$2,1),D20<>""),E20,"") -> 20000 | J20: =IF(I20="","",RANK(I20,$I$2:$I$1014,0)+COUNTIF($I$2:I20,I20)-1) -> #REF!
A21: 46228 | B21: Đồ ăn | C21: Gia đình | D21: Bó sổ | E21: 50000 | F21: Tiền mặt | G21: Cô 7 | I21: =IF(AND(A21>=Dashboard!$B$2,A21<EDATE(Dashboard!$B$2,1),D21<>""),E21,"") -> 50000 | J21: =IF(I21="","",RANK(I21,$I$2:$I$1014,0)+COUNTIF($I$2:I21,I21)-1) -> #REF!
A22: 46228 | B22: Đổ xăng | C22: Mẹ | D22: Di chuyển | E22: 60000 | F22: Thẻ SHB | G22: Xăng | I22: =IF(AND(A22>=Dashboard!$B$2,A22<EDATE(Dashboard!$B$2,1),D22<>""),E22,"") -> 60000 | J22: =IF(I22="","",RANK(I22,$I$2:$I$1014,0)+COUNTIF($I$2:I22,I22)-1) -> #REF!
A23: 46229 | B23: Ăn sáng | C23: Gia đình | D23: Bún bò | E23: 120000 | F23: Tiền mặt | G23: Cmtt Tây Ninh | I23: =IF(AND(A23>=Dashboard!$B$2,A23<EDATE(Dashboard!$B$2,1),D23<>""),E23,"") -> 120000 | J23: =IF(I23="","",RANK(I23,$I$2:$I$1014,0)+COUNTIF($I$2:I23,I23)-1) -> #REF!
A24: 46229 | B24: May mắn | C24: Bản thân | D24: Vé số | E24: 30000 | F24: Tiền mặt | I24: =IF(AND(A24>=Dashboard!$B$2,A24<EDATE(Dashboard!$B$2,1),D24<>""),E24,"") -> 30000 | J24: =IF(I24="","",RANK(I24,$I$2:$I$1014,0)+COUNTIF($I$2:I24,I24)-1) -> #REF!
A25: 46230 | B25: Di chuyển | C25: Bản thân | D25: Đi SG | E25: 145000 | F25: Momo | G25: Đồng Phước | H25: Bản thân | I25: =IF(AND(A25>=Dashboard!$B$2,A25<EDATE(Dashboard!$B$2,1),D25<>""),E25,"") -> 145000 | J25: =IF(I25="","",RANK(I25,$I$2:$I$1014,0)+COUNTIF($I$2:I25,I25)-1) -> #REF!
A26: 46230 | B26: Di chuyển | C26: Bản thân | D26: Grab | E26: 18000 | F26: Thẻ SHB | G26: Từ 43 Cộng Hòa | H26: Bản thân | I26: =IF(AND(A26>=Dashboard!$B$2,A26<EDATE(Dashboard!$B$2,1),D26<>""),E26,"") -> 18000 | J26: =IF(I26="","",RANK(I26,$I$2:$I$1014,0)+COUNTIF($I$2:I26,I26)-1) -> #REF!
A27: 46230 | B27: Cafe | C27: Bản thân | D27: Cà phê sữa | E27: 29000 | F27: Thẻ SHB | G27: Hightlands | H27: Bản thân | I27: =IF(AND(A27>=Dashboard!$B$2,A27<EDATE(Dashboard!$B$2,1),D27<>""),E27,"") -> 29000 | J27: =IF(I27="","",RANK(I27,$I$2:$I$1014,0)+COUNTIF($I$2:I27,I27)-1) -> #REF!
A28: 46230 | B28: Ăn trưa | C28: Bản thân | D28: Cơm | E28: 27000 | F28: VCB | G28: An Nhiên | I28: =IF(AND(A28>=Dashboard!$B$2,A28<EDATE(Dashboard!$B$2,1),D28<>""),E28,"") -> 27000 | J28: =IF(I28="","",RANK(I28,$I$2:$I$1014,0)+COUNTIF($I$2:I28,I28)-1) -> #REF!
A29: 46230 | B29: Đồ ăn | C29: Bản thân | D29: Chè bắp | E29: 12000 | F29: VCB | G29: An Nhiên | I29: =IF(AND(A29>=Dashboard!$B$2,A29<EDATE(Dashboard!$B$2,1),D29<>""),E29,"") -> 12000 | J29: =IF(I29="","",RANK(I29,$I$2:$I$1014,0)+COUNTIF($I$2:I29,I29)-1) -> #REF!
A30: 46230 | B30: May mắn | C30: Bản thân | D30: Vé số | E30: 40000 | F30: Tiền mặt | I30: =IF(AND(A30>=Dashboard!$B$2,A30<EDATE(Dashboard!$B$2,1),D30<>""),E30,"") -> 40000 | J30: =IF(I30="","",RANK(I30,$I$2:$I$1014,0)+COUNTIF($I$2:I30,I30)-1) -> #REF!
A31: 46231 | B31: May mắn | C31: Bản thân | D31: Vé số | E31: 200000 | F31: Tiền mặt | I31: =IF(AND(A31>=Dashboard!$B$2,A31<EDATE(Dashboard!$B$2,1),D31<>""),E31,"") -> 200000 | J31: =IF(I31="","",RANK(I31,$I$2:$I$1014,0)+COUNTIF($I$2:I31,I31)-1) -> #REF!
A32: 46231 | B32: Ăn trưa | C32: Bản thân | D32: Cơm | E32: 27000 | F32: VCB | I32: =IF(AND(A32>=Dashboard!$B$2,A32<EDATE(Dashboard!$B$2,1),D32<>""),E32,"") -> 27000 | J32: =IF(I32="","",RANK(I32,$I$2:$I$1014,0)+COUNTIF($I$2:I32,I32)-1) -> #REF!
A33: 46231 | B33: Đồ uống | C33: Bản thân | D33: Nước dừa | E33: 20000 | F33: Momo | I33: =IF(AND(A33>=Dashboard!$B$2,A33<EDATE(Dashboard!$B$2,1),D33<>""),E33,"") -> 20000 | J33: =IF(I33="","",RANK(I33,$I$2:$I$1014,0)+COUNTIF($I$2:I33,I33)-1) -> #REF!
A34: 46231 | B34: Đồ uống | C34: Bản thân | D34: Nước mía | E34: 12000 | F34: Momo | I34: =IF(AND(A34>=Dashboard!$B$2,A34<EDATE(Dashboard!$B$2,1),D34<>""),E34,"") -> 12000 | J34: =IF(I34="","",RANK(I34,$I$2:$I$1014,0)+COUNTIF($I$2:I34,I34)-1) -> #REF!
A35: 46232 | B35: Cafe | C35: Bản thân | D35: Cà phê sữa | E35: 29000 | F35: Thẻ Kbank | G35: Hightlands | H35: Bản thân | I35: =IF(AND(A35>=Dashboard!$B$2,A35<EDATE(Dashboard!$B$2,1),D35<>""),E35,"") -> 29000 | J35: =IF(I35="","",RANK(I35,$I$2:$I$1014,0)+COUNTIF($I$2:I35,I35)-1) -> #REF!
A36: 46232 | B36: Ăn trưa | C36: Bản thân | D36: Cơm | E36: 27000 | F36: VCB | G36: An Nhiên | H36: Bản thân | I36: =IF(AND(A36>=Dashboard!$B$2,A36<EDATE(Dashboard!$B$2,1),D36<>""),E36,"") -> 27000 | J36: =IF(I36="","",RANK(I36,$I$2:$I$1014,0)+COUNTIF($I$2:I36,I36)-1) -> #REF!
A37: 46232 | B37: Ăn sáng | C37: Bản thân | D37: Xôi | E37: 26000 | F37: Momo | G37: Bánh mì Khôi | H37: Bản thân | I37: =IF(AND(A37>=Dashboard!$B$2,A37<EDATE(Dashboard!$B$2,1),D37<>""),E37,"") -> 26000 | J37: =IF(I37="","",RANK(I37,$I$2:$I$1014,0)+COUNTIF($I$2:I37,I37)-1) -> #REF!
A38: 46232 | B38: Ăn tối | C38: Bản thân | D38: Cơm | E38: 35000 | F38: Momo | G38: Sư vạn hạnh | H38: Bản thân | I38: =IF(AND(A38>=Dashboard!$B$2,A38<EDATE(Dashboard!$B$2,1),D38<>""),E38,"") -> 35000 | J38: =IF(I38="","",RANK(I38,$I$2:$I$1014,0)+COUNTIF($I$2:I38,I38)-1) -> #REF!
A39: 46232 | B39: Khác | C39: Bản thân | D39: Đám tang | E39: 200000 | F39: Momo | G39: Mẹ vợ thằng Hùng | I39: =IF(AND(A39>=Dashboard!$B$2,A39<EDATE(Dashboard!$B$2,1),D39<>""),E39,"") -> 200000 | J39: =IF(I39="","",RANK(I39,$I$2:$I$1014,0)+COUNTIF($I$2:I39,I39)-1) -> #REF!
A40: 46233 | B40: Ăn sáng | C40: Bản thân | D40: Bún Huế | E40: 20000 | F40: Tiền mặt | G40: Chị Châu | H40: Bản thân | I40: =IF(AND(A40>=Dashboard!$B$2,A40<EDATE(Dashboard!$B$2,1),D40<>""),E40,"") -> 20000 | J40: =IF(I40="","",RANK(I40,$I$2:$I$1014,0)+COUNTIF($I$2:I40,I40)-1) -> #REF!
A41: 46233 | B41: May mắn | C41: Bản thân | D41: Vé số | E41: 50000 | F41: Momo | H41: Bản thân | I41: =IF(AND(A41>=Dashboard!$B$2,A41<EDATE(Dashboard!$B$2,1),D41<>""),E41,"") -> 50000 | J41: =IF(I41="","",RANK(I41,$I$2:$I$1014,0)+COUNTIF($I$2:I41,I41)-1) -> #REF!
A42: 46233 | B42: Cafe | C42: Bản thân | D42: Cafe sữa | E42: 26000 | F42: Momo | G42: Ông Bầu | H42: Bản thân | I42: =IF(AND(A42>=Dashboard!$B$2,A42<EDATE(Dashboard!$B$2,1),D42<>""),E42,"") -> 26000 | J42: =IF(I42="","",RANK(I42,$I$2:$I$1014,0)+COUNTIF($I$2:I42,I42)-1) -> #REF!
A43: 46233 | B43: May mắn | C43: Bản thân | D43: Vé số | E43: 20000 | F43: Tiền mặt | H43: Bản thân | I43: =IF(AND(A43>=Dashboard!$B$2,A43<EDATE(Dashboard!$B$2,1),D43<>""),E43,"") -> 20000 | J43: =IF(I43="","",RANK(I43,$I$2:$I$1014,0)+COUNTIF($I$2:I43,I43)-1) -> #REF!
A44: 46233 | B44: Ăn trưa | C44: Bản thân | D44: Cơm | E44: 27000 | F44: VCB | G44: An nhiên | H44: Bản thân | I44: =IF(AND(A44>=Dashboard!$B$2,A44<EDATE(Dashboard!$B$2,1),D44<>""),E44,"") -> 27000 | J44: =IF(I44="","",RANK(I44,$I$2:$I$1014,0)+COUNTIF($I$2:I44,I44)-1) -> #REF!
A45: 46233 | B45: Ăn tối | C45: Bản thân | D45: Hủ tíu | E45: 35000 | F45: Momo | G45: Hẻm Tô Hiến Thành | H45: Bản thân | I45: =IF(AND(A45>=Dashboard!$B$2,A45<EDATE(Dashboard!$B$2,1),D45<>""),E45,"") -> 35000 | J45: =IF(I45="","",RANK(I45,$I$2:$I$1014,0)+COUNTIF($I$2:I45,I45)-1) -> #REF!
A46: 46233 | B46: May mắn | C46: Bản thân | D46: Vietlot | E46: 10000 | F46: App Vietlot | H46: Bản thân | I46: =IF(AND(A46>=Dashboard!$B$2,A46<EDATE(Dashboard!$B$2,1),D46<>""),E46,"") -> 10000 | J46: =IF(I46="","",RANK(I46,$I$2:$I$1014,0)+COUNTIF($I$2:I46,I46)-1) -> #REF!
A47: 46234 | B47: Ăn sáng | C47: Bản thân | D47: Bánh mì | E47: 14000 | F47: Momo | G47: Bà Ngọc | H47: Bản thân | I47: =IF(AND(A47>=Dashboard!$B$2,A47<EDATE(Dashboard!$B$2,1),D47<>""),E47,"") -> 14000 | J47: =IF(I47="","",RANK(I47,$I$2:$I$1014,0)+COUNTIF($I$2:I47,I47)-1) -> #REF!
A48: 46234 | B48: May mắn | C48: Bản thân | D48: Vé số | E48: 20000 | F48: Tiền mặt | H48: Bản thân | I48: =IF(AND(A48>=Dashboard!$B$2,A48<EDATE(Dashboard!$B$2,1),D48<>""),E48,"") -> 20000 | J48: =IF(I48="","",RANK(I48,$I$2:$I$1014,0)+COUNTIF($I$2:I48,I48)-1) -> #REF!
A49: 46234 | B49: Ăn trưa | C49: Bản thân | D49: Cơm | E49: 40000 | F49: Momo | G49: Lương Định Của | H49: Bản thân | I49: =IF(AND(A49>=Dashboard!$B$2,A49<EDATE(Dashboard!$B$2,1),D49<>""),E49,"") -> 40000 | J49: =IF(I49="","",RANK(I49,$I$2:$I$1014,0)+COUNTIF($I$2:I49,I49)-1) -> #REF!
A50: 46234 | B50: Ăn tối | C50: Bản thân | D50: Xôi | E50: 26000 | F50: Momo | G50: Khôi | H50: Bản thân | I50: =IF(AND(A50>=Dashboard!$B$2,A50<EDATE(Dashboard!$B$2,1),D50<>""),E50,"") -> 26000 | J50: =IF(I50="","",RANK(I50,$I$2:$I$1014,0)+COUNTIF($I$2:I50,I50)-1) -> #REF!
A51: 46234 | B51: Di chuyển | C51: Bản thân | D51: Về quê | E51: 145000 | F51: Thẻ SHB | G51: Đồng Phước | H51: Bản thân | I51: =IF(AND(A51>=Dashboard!$B$2,A51<EDATE(Dashboard!$B$2,1),D51<>""),E51,"") -> 145000 | J51: =IF(I51="","",RANK(I51,$I$2:$I$1014,0)+COUNTIF($I$2:I51,I51)-1) -> #REF!
A52: 46235 | B52: Ăn sáng | C52: Bản thân | D52: Hủ tiếu | E52: 18000 | F52: Tiền mặt | G52: Cô 7 | I52: =IF(AND(A52>=Dashboard!$B$2,A52<EDATE(Dashboard!$B$2,1),D52<>""),E52,"") -> 18000 | J52: =IF(I52="","",RANK(I52,$I$2:$I$1014,0)+COUNTIF($I$2:I52,I52)-1) -> #REF!
A53: 46235 | B53: Ăn sáng | C53: Vú | D53: Hủ tiếu | E53: 10000 | F53: Tiền mặt | G53: Bà Trang | I53: =IF(AND(A53>=Dashboard!$B$2,A53<EDATE(Dashboard!$B$2,1),D53<>""),E53,"") -> 10000 | J53: =IF(I53="","",RANK(I53,$I$2:$I$1014,0)+COUNTIF($I$2:I53,I53)-1) -> #REF!
A54: 46235 | B54: Ăn sáng | C54: Con | D54: Cơm | E54: 50000 | F54: Tiền mặt | G54: Tiểu Lan | I54: =IF(AND(A54>=Dashboard!$B$2,A54<EDATE(Dashboard!$B$2,1),D54<>""),E54,"") -> 50000 | J54: =IF(I54="","",RANK(I54,$I$2:$I$1014,0)+COUNTIF($I$2:I54,I54)-1) -> #REF!
A55: 46235 | B55: Đồ ăn | C55: Gia đình | D55: Bó sổ | E55: 50000 | F55: Tiền mặt | G55: Cô 7 | I55: =IF(AND(A55>=Dashboard!$B$2,A55<EDATE(Dashboard!$B$2,1),D55<>""),E55,"") -> 50000 | J55: =IF(I55="","",RANK(I55,$I$2:$I$1014,0)+COUNTIF($I$2:I55,I55)-1) -> #REF!
A56: 46236 | B56: Ăn sáng | C56: Gia đình | D56: Hủ tiếu | E56: 50000 | F56: Tiền mặt | G56: Bà Trang | I56: =IF(AND(A56>=Dashboard!$B$2,A56<EDATE(Dashboard!$B$2,1),D56<>""),E56,"") -> 50000 | J56: =IF(I56="","",RANK(I56,$I$2:$I$1014,0)+COUNTIF($I$2:I56,I56)-1) -> #REF!
A57: 46236 | B57: Đồ uống | C57: Gia đình | D57: Sữa đậu xanh | E57: 60000 | F57: Tiền mặt | G57: Ông Thành | I57: =IF(AND(A57>=Dashboard!$B$2,A57<EDATE(Dashboard!$B$2,1),D57<>""),E57,"") -> 60000 | J57: =IF(I57="","",RANK(I57,$I$2:$I$1014,0)+COUNTIF($I$2:I57,I57)-1) -> #REF!
A58: 46237 | B58: Ăn sáng | C58: Bản thân | D58: Bún chả giò | E58: 30000 | F58: Momo | G58: Bà Ngọc | I58: =IF(AND(A58>=Dashboard!$B$2,A58<EDATE(Dashboard!$B$2,1),D58<>""),E58,"") -> 30000 | J58: =IF(I58="","",RANK(I58,$I$2:$I$1014,0)+COUNTIF($I$2:I58,I58)-1) -> #REF!
A59: 46237 | B59: Cafe | C59: Bản thân | D59: Cà phê sữa | E59: 29000 | F59: Kbank | G59: Highland | I59: =IF(AND(A64>=Dashboard!$B$2,A64<EDATE(Dashboard!$B$2,1),D59<>""),E59,"") -> 29000 | J59: =IF(I59="","",RANK(I59,$I$2:$I$1014,0)+COUNTIF($I$2:I59,I59)-1) -> #REF!
A60: 46237 | B60: Ăn trưa | C60: Bản thân | D60: Cơm | E60: 27000 | F60: VCB | G60: An nhiên | I60: =IF(AND(A60>=Dashboard!$B$2,A60<EDATE(Dashboard!$B$2,1),D60<>""),E60,"") -> 27000 | J60: =IF(I60="","",RANK(I60,$I$2:$I$1014,0)+COUNTIF($I$2:I60,I60)-1) -> #REF!
A61: 46237 | B61: Ăn tối | C61: Bản thân | D61: Bò kho | E61: 30000 | F61: Momo | G61: Hồ Bá Kiện | I61: =IF(AND(A61>=Dashboard!$B$2,A61<EDATE(Dashboard!$B$2,1),D61<>""),E61,"") -> 30000 | J61: =IF(I61="","",RANK(I61,$I$2:$I$1014,0)+COUNTIF($I$2:I61,I61)-1) -> #REF!
A62: 46237 | B62: Đồ uống | C62: Bản thân | D62: Nước dừa | E62: 20000 | F62: Momo | G62: Bà Dung | I62: =IF(AND(A62>=Dashboard!$B$2,A62<EDATE(Dashboard!$B$2,1),D62<>""),E62,"") -> 20000 | J62: =IF(I62="","",RANK(I62,$I$2:$I$1014,0)+COUNTIF($I$2:I62,I62)-1) -> #REF!
A63: 46237 | B63: Đồ uống | C63: Bản thân | D63: Nước mía | E63: 12000 | F63: Momo | G63: Hồ Bá Kiện | I63: =IF(AND(A63>=Dashboard!$B$2,A63<EDATE(Dashboard!$B$2,1),D63<>""),E63,"") -> 12000 | J63: =IF(I63="","",RANK(I63,$I$2:$I$1014,0)+COUNTIF($I$2:I63,I63)-1) -> #REF!
A64: 46237 | B64: May mắn | C64: Bản thân | D64: Vé số | E64: 20000 | F64: Momo | I64: =IF(AND(#REF!>=Dashboard!$B$2,#REF!<EDATE(Dashboard!$B$2,1),D64<>""),E64,"") -> #REF! | J64: =IF(I64="","",RANK(I64,$I$2:$I$1014,0)+COUNTIF($I$2:I64,I64)-1) -> #REF!
A65: 46237 | B65: Di chuyển | C65: Bản thân | D65: Đi SG | E65: 145000 | F65: Momo | G65: Đồng Phước | H65: Bản thân | I65: =IF(AND(#REF!>=Dashboard!$B$2,#REF!<EDATE(Dashboard!$B$2,1),D65<>""),E65,"") -> #REF! | J65: =IF(I65="","",RANK(I65,$I$2:$I$1014,0)+COUNTIF($I$2:I65,I65)-1) -> #REF!
A66: 46237 | B66: Di chuyển | C66: Bản thân | D66: Grab | E66: 18000 | F66: Thẻ SHB | G66: Từ 43 Cộng Hòa | H66: Bản thân | I66: =IF(AND(#REF!>=Dashboard!$B$2,#REF!<EDATE(Dashboard!$B$2,1),D66<>""),E66,"") -> #REF! | J66: =IF(I66="","",RANK(I66,$I$2:$I$1014,0)+COUNTIF($I$2:I66,I66)-1) -> #REF!
A67: 46238 | B67: May mắn | C67: Bản thân | D67: Vietlot | E67: 10000 | F67: App Vietlot | H67: Bản thân | I67: =IF(AND(A67>=Dashboard!$B$2,A67<EDATE(Dashboard!$B$2,1),D67<>""),E67,"") -> 10000 | J67: =IF(I67="","",RANK(I67,$I$2:$I$1014,0)+COUNTIF($I$2:I67,I67)-1) -> #REF!
A68: 46238 | B68: May mắn | C68: Bản thân | D68: Vé số | E68: 40000 | F68: Tiền mặt | H68: Bản thân | I68: =IF(AND(A68>=Dashboard!$B$2,A68<EDATE(Dashboard!$B$2,1),D68<>""),E68,"") -> 40000 | J68: =IF(I68="","",RANK(I68,$I$2:$I$1014,0)+COUNTIF($I$2:I68,I68)-1) -> #REF!
A69: 46238 | B69: Ăn trưa | C69: Bản thân | D69: Cơm | E69: 40000 | F69: Momo | G69: Huỳnh Tịnh Của | H69: Bản thân | I69: =IF(AND(A69>=Dashboard!$B$2,A69<EDATE(Dashboard!$B$2,1),D69<>""),E69,"") -> 40000 | J69: =IF(I69="","",RANK(I69,$I$2:$I$1014,0)+COUNTIF($I$2:I69,I69)-1) -> #REF!
A70: 46238 | B70: Ăn tối | C70: Bản thân | D70: Gỏi cuốn | E70: 14000 | F70: Momo | G70: CMTT | H70: Bản thân | I70: =IF(AND(A70>=Dashboard!$B$2,A70<EDATE(Dashboard!$B$2,1),D70<>""),E70,"") -> 14000 | J70: =IF(I70="","",RANK(I70,$I$2:$I$1014,0)+COUNTIF($I$2:I70,I70)-1) -> #REF!
A71: 46238 | B71: Đồ uống | C71: Bản thân | D71: Nước mía | E71: 12000 | F71: Momo | H71: Bản thân | I71: =IF(AND(A71>=Dashboard!$B$2,A71<EDATE(Dashboard!$B$2,1),D71<>""),E71,"") -> 12000 | J71: =IF(I71="","",RANK(I71,$I$2:$I$1014,0)+COUNTIF($I$2:I71,I71)-1) -> #REF!
A72: 46238 | B72: Cafe | C72: Bản thân | D72: Cà phê sữa | E72: 29000 | F72: Kbank | G72: Highland | H72: Bản thân | I72: =IF(AND(A72>=Dashboard!$B$2,A72<EDATE(Dashboard!$B$2,1),D72<>""),E72,"") -> 29000 | J72: =IF(I72="","",RANK(I72,$I$2:$I$1014,0)+COUNTIF($I$2:I72,I72)-1) -> #REF!
A73: 46238 | B73: Tiền điện | C73: Gia đình | D73: Điện | E73: 1306195 | F73: SHB | H73: Gia đình | I73: =IF(AND(A73>=Dashboard!$B$2,A73<EDATE(Dashboard!$B$2,1),D73<>""),E73,"") -> 1306195 | J73: =IF(I73="","",RANK(I73,$I$2:$I$1014,0)+COUNTIF($I$2:I73,I73)-1) -> #REF!
A74: 46238 | B74: Tiền nước | C74: Gia đình | D74: Nước | E74: 222962 | F74: Momo | H74: Gia đình | I74: =IF(AND(A74>=Dashboard!$B$2,A74<EDATE(Dashboard!$B$2,1),D74<>""),E74,"") -> 222962 | J74: =IF(I74="","",RANK(I74,$I$2:$I$1014,0)+COUNTIF($I$2:I74,I74)-1) -> #REF!
A75: 46239 | B75: Cafe | C75: Bản thân | D75: Cà phê sữa | E75: 29000 | F75: Kbank | G75: Highland | H75: Bản thân | I75: =IF(AND(A75>=Dashboard!$B$2,A75<EDATE(Dashboard!$B$2,1),D75<>""),E75,"") -> 29000 | J75: =IF(I75="","",RANK(I75,$I$2:$I$1014,0)+COUNTIF($I$2:I75,I75)-1) -> #REF!
A76: 46239 | B76: Ăn sáng | C76: Bản thân | D76: Bánh mì | E76: 25000 | F76: Momo | G76: Mẹ nấm | H76: Bản thân | I76: =IF(AND(A76>=Dashboard!$B$2,A76<EDATE(Dashboard!$B$2,1),D76<>""),E76,"") -> 25000 | J76: =IF(I76="","",RANK(I76,$I$2:$I$1014,0)+COUNTIF($I$2:I76,I76)-1) -> #REF!
A77: 46239 | B77: Ăn trưa | C77: Bản thân | D77: Cơm | E77: 27000 | F77: VCB | G77: An nhiên | H77: Bản thân | I77: =IF(AND(A77>=Dashboard!$B$2,A77<EDATE(Dashboard!$B$2,1),D77<>""),E77,"") -> 27000 | J77: =IF(I77="","",RANK(I77,$I$2:$I$1014,0)+COUNTIF($I$2:I77,I77)-1) -> #REF!
A78: 46239 | B78: Ăn tối | C78: Bản thân | D78: Cơm | E78: 25000 | F78: Momo | G78: Trường Sơn | H78: Bản thân | I78: =IF(AND(A78>=Dashboard!$B$2,A78<EDATE(Dashboard!$B$2,1),D78<>""),E78,"") -> 25000 | J78: =IF(I78="","",RANK(I78,$I$2:$I$1014,0)+COUNTIF($I$2:I78,I78)-1) -> #REF!
A79: 46239 | B79: May mắn | C79: Bản thân | D79: Vietlot | E79: 10000 | F79: App Vietlot | H79: Bản thân | I79: =IF(AND(A79>=Dashboard!$B$2,A79<EDATE(Dashboard!$B$2,1),D79<>""),E79,"") -> 10000 | J79: =IF(I79="","",RANK(I79,$I$2:$I$1014,0)+COUNTIF($I$2:I79,I79)-1) -> #REF!
A80: 46239 | B80: May mắn | C80: Bản thân | D80: Vé số | E80: 20000 | H80: Bản thân | I80: =IF(AND(A80>=Dashboard!$B$2,A80<EDATE(Dashboard!$B$2,1),D80<>""),E80,"") -> 20000 | J80: =IF(I80="","",RANK(I80,$I$2:$I$1014,0)+COUNTIF($I$2:I80,I80)-1) -> #REF!
A81: 46240 | B81: Ăn sáng | C81: Bản thân | D81: Nui | E81: 30000 | F81: Momo | G81: Bà Ngọc | H81: Bản thân | I81: =IF(AND(A81>=Dashboard!$B$2,A81<EDATE(Dashboard!$B$2,1),D81<>""),E81,"") -> 30000 | J81: =IF(I81="","",RANK(I81,$I$2:$I$1014,0)+COUNTIF($I$2:I81,I81)-1) -> #REF!
A82: 46240 | B82: Ăn trưa | C82: Bản thân | D82: Cơm | E82: 27000 | F82: VCB | G82: An nhiên | H82: Bản thân | I82: =IF(AND(A82>=Dashboard!$B$2,A82<EDATE(Dashboard!$B$2,1),D82<>""),E82,"") -> 27000 | J82: =IF(I82="","",RANK(I82,$I$2:$I$1014,0)+COUNTIF($I$2:I82,I82)-1) -> #REF!
A83: 46240 | B83: Ăn tối | C83: Bản thân | D83: Bún huế | E83: 45000 | F83: Momo | G83: 380 Nam Kỳ | H83: Bản thân | I83: =IF(AND(A83>=Dashboard!$B$2,A83<EDATE(Dashboard!$B$2,1),D83<>""),E83,"") -> 45000 | J83: =IF(I83="","",RANK(I83,$I$2:$I$1014,0)+COUNTIF($I$2:I83,I83)-1) -> #REF!
A84: 46240 | B84: Đồ uống | C84: Bản thân | D84: Nước dừa | E84: 20000 | F84: Momo | G84: Bà Dung | H84: Bản thân | I84: =IF(AND(A84>=Dashboard!$B$2,A84<EDATE(Dashboard!$B$2,1),D84<>""),E84,"") -> 20000 | J84: =IF(I84="","",RANK(I84,$I$2:$I$1014,0)+COUNTIF($I$2:I84,I84)-1) -> #REF!
A85: 46240 | B85: Đồ ăn | C85: Bản thân | D85: Kem | E85: 22000 | F85: Kbank | G85: Family mart | H85: Bản thân | I85: =IF(AND(A85>=Dashboard!$B$2,A85<EDATE(Dashboard!$B$2,1),D85<>""),E85,"") -> 22000 | J85: =IF(I85="","",RANK(I85,$I$2:$I$1014,0)+COUNTIF($I$2:I85,I85)-1) -> #REF!
A86: 46240 | B86: May mắn | C86: Bản thân | D86: Vé số | E86: 70000 | F86: Momo | I86: =IF(AND(A86>=Dashboard!$B$2,A86<EDATE(Dashboard!$B$2,1),D86<>""),E86,"") -> 70000 | J86: =IF(I86="","",RANK(I86,$I$2:$I$1014,0)+COUNTIF($I$2:I86,I86)-1) -> #REF!
A87: 46241 | B87: Ăn sáng | C87: Bản thân | D87: Đậu phộng | E87: 10000 | F87: Tiền mặt | I87: =IF(AND(A87>=Dashboard!$B$2,A87<EDATE(Dashboard!$B$2,1),D87<>""),E87,"") -> 10000 | J87: =IF(I87="","",RANK(I87,$I$2:$I$1014,0)+COUNTIF($I$2:I87,I87)-1) -> #REF!
A88: 46241 | B88: Cafe | C88: Bản thân | D88: Cà phê sữa | E88: 29000 | F88: Thẻ Kbank | G88: Hightlands | H88: Bản thân | I88: =IF(AND(A88>=Dashboard!$B$2,A88<EDATE(Dashboard!$B$2,1),D88<>""),E88,"") -> 29000 | J88: =IF(I88="","",RANK(I88,$I$2:$I$1014,0)+COUNTIF($I$2:I88,I88)-1) -> #REF!
A89: 46241 | B89: Ăn trưa | C89: Bản thân | D89: Cơm | E89: 27000 | F89: VCB | G89: An nhiên | H89: Bản thân | I89: =IF(AND(A89>=Dashboard!$B$2,A89<EDATE(Dashboard!$B$2,1),D89<>""),E89,"") -> 27000 | J89: =IF(I89="","",RANK(I89,$I$2:$I$1014,0)+COUNTIF($I$2:I89,I89)-1) -> #REF!
A90: 46241 | B90: Di chuyển | C90: Bản thân | D90: Về quê | E90: 145000 | F90: Thẻ SHB | G90: Đồng Phước | H90: Bản thân | I90: =IF(AND(A90>=Dashboard!$B$2,A90<EDATE(Dashboard!$B$2,1),D90<>""),E90,"") -> 145000 | J90: =IF(I90="","",RANK(I90,$I$2:$I$1014,0)+COUNTIF($I$2:I90,I90)-1) -> #REF!
A91: 46241 | B91: Ăn tối | C91: Bản thân | D91: Cơm | E91: 30000 | F91: Momo | G91: Hồ Bá Kiện | H91: Bản thân | I91: =IF(AND(A91>=Dashboard!$B$2,A91<EDATE(Dashboard!$B$2,1),D91<>""),E91,"") -> 30000 | J91: =IF(I91="","",RANK(I91,$I$2:$I$1014,0)+COUNTIF($I$2:I91,I91)-1) -> #REF!
A92: 46242 | B92: Ăn sáng | C92: Gia đình | D92: Hủ tiếu | E92: 52000 | F92: Tiề̀n mặt | G92: Cô 7 | H92: Gia đình | I92: =IF(AND(A92>=Dashboard!$B$2,A92<EDATE(Dashboard!$B$2,1),D92<>""),E92,"") -> 52000 | J92: =IF(I92="","",RANK(I92,$I$2:$I$1014,0)+COUNTIF($I$2:I92,I92)-1) -> #REF!
A93: 46242 | B93: Đồ ăn | C93: Gia đình | D93: Bó sổ | E93: 50000 | F93: Tiề̀n mặt | G93: Cô 7 | H93: Gia đình | I93: =IF(AND(A93>=Dashboard!$B$2,A93<EDATE(Dashboard!$B$2,1),D93<>""),E93,"") -> 50000 | J93: =IF(I93="","",RANK(I93,$I$2:$I$1014,0)+COUNTIF($I$2:I93,I93)-1) -> #REF!
A94: 46242 | B94: Đồ ăn | C94: Gia đình | D94: Chợ | E94: 22000 | F94: Tiề̀n mặt | G94: Chợ Long Hoa | H94: Gia đình | I94: =IF(AND(A94>=Dashboard!$B$2,A94<EDATE(Dashboard!$B$2,1),D94<>""),E94,"") -> 22000 | J94: =IF(I94="","",RANK(I94,$I$2:$I$1014,0)+COUNTIF($I$2:I94,I94)-1) -> #REF!
A95: 46242 | B95: Đồ ăn | C95: Gia đình | D95: Tàu hủ | E95: 15000 | F95: Tiề̀n mặt | G95: Chợ Long Hoa | H95: Gia đình | I95: =IF(AND(A95>=Dashboard!$B$2,A95<EDATE(Dashboard!$B$2,1),D95<>""),E95,"") -> 15000 | J95: =IF(I95="","",RANK(I95,$I$2:$I$1014,0)+COUNTIF($I$2:I95,I95)-1) -> #REF!
A96: 46242 | B96: May mắn | C96: Bản thân | D96: Vé số | E96: 20000 | F96: Tiề̀n mặt | I96: =IF(AND(A96>=Dashboard!$B$2,A96<EDATE(Dashboard!$B$2,1),D96<>""),E96,"") -> 20000 | J96: =IF(I96="","",RANK(I96,$I$2:$I$1014,0)+COUNTIF($I$2:I96,I96)-1) -> #REF!
A97: 46243 | B97: Ăn sáng | C97: Bản thân + Con | D97: Bún riêu + bánh canh | E97: 27000 | F97: Tiề̀n mặt | H97: Gia đình | I97: =IF(AND(A97>=Dashboard!$B$2,A97<EDATE(Dashboard!$B$2,1),D97<>""),E97,"") -> 27000 | J97: =IF(I97="","",RANK(I97,$I$2:$I$1014,0)+COUNTIF($I$2:I97,I97)-1) -> #REF!
A98: 46243 | B98: Đồ ăn | C98: Gia đình | D98: Tàu hủ | E98: 25000 | F98: Tiề̀n mặt | G98: Chợ Long Hoa | H98: Gia đình | I98: =IF(AND(A98>=Dashboard!$B$2,A98<EDATE(Dashboard!$B$2,1),D98<>""),E98,"") -> 25000 | J98: =IF(I98="","",RANK(I98,$I$2:$I$1014,0)+COUNTIF($I$2:I98,I98)-1) -> #REF!
A99: 46243 | B99: May mắn | C99: Bản thân | D99: Vé số | E99: 50000 | F99: Tiề̀n mặt | I99: =IF(AND(A99>=Dashboard!$B$2,A99<EDATE(Dashboard!$B$2,1),D99<>""),E99,"") -> 50000 | J99: =IF(I99="","",RANK(I99,$I$2:$I$1014,0)+COUNTIF($I$2:I99,I99)-1) -> #REF!
A100: 46244 | B100: Ăn sáng | C100: Bản thân | D100: Bún chả giò | E100: 30000 | F100: Momo | H100: Bản thân | I100: =IF(AND(A100>=Dashboard!$B$2,A100<EDATE(Dashboard!$B$2,1),D100<>""),E100,"") -> 30000 | J100: =IF(I100="","",RANK(I100,$I$2:$I$1014,0)+COUNTIF($I$2:I100,I100)-1) -> #REF!
...

Sheet DanhMuc
A1: Nhóm | B1: Tag | C1: Thanh toán | D1: Khoản chi | E1: Số lần tháng | F1: Xếp hạng
A2: Ăn sáng | B2: Bản thân | C2: Momo | D2: Mì Quảng | E2: =COUNTIFS(ChiTieu!D:D,D2,ChiTieu!A:A,">="&Dashboard!$B$2,ChiTieu!A:A,"<"&EDATE(Dashboard!$B$2,1)) -> 1 | F2: =IF(E2=0,"",RANK(E2,$E$2:$E$100,0)+COUNTIF($E$2:E2,E2)-1) -> 5
A3: Ăn trưa | B3: Gia đình | C3: Thẻ SHB | D3: Cà phê sữa | E3: =COUNTIFS(ChiTieu!D:D,D3,ChiTieu!A:A,">="&Dashboard!$B$2,ChiTieu!A:A,"<"&EDATE(Dashboard!$B$2,1)) -> 8 | F3: =IF(E3=0,"",RANK(E3,$E$2:$E$100,0)+COUNTIF($E$2:E3,E3)-1) -> 3
A4: Ăn tối | B4: Về quê | C4: VCB | D4: Cơm | E4: =COUNTIFS(ChiTieu!D:D,D4,ChiTieu!A:A,">="&Dashboard!$B$2,ChiTieu!A:A,"<"&EDATE(Dashboard!$B$2,1)) -> 27 | F4: =IF(E4=0,"",RANK(E4,$E$2:$E$100,0)+COUNTIF($E$2:E4,E4)-1) -> 1
A5: Ăn vặt | B5: Đi chơi hè | C5: App Vietlot | D5: Vietlott | E5: =COUNTIFS(ChiTieu!D:D,D5,ChiTieu!A:A,">="&Dashboard!$B$2,ChiTieu!A:A,"<"&EDATE(Dashboard!$B$2,1)) -> 2 | F5: =IF(E5=0,"",RANK(E5,$E$2:$E$100,0)+COUNTIF($E$2:E5,E5)-1) -> 4
A6: Cafe | B6: Team | C6: Tiền mặt | D6: Vé số | E6: =COUNTIFS(ChiTieu!D:D,D6,ChiTieu!A:A,">="&Dashboard!$B$2,ChiTieu!A:A,"<"&EDATE(Dashboard!$B$2,1)) -> 20 | F6: =IF(E6=0,"",RANK(E6,$E$2:$E$100,0)+COUNTIF($E$2:E6,E6)-1) -> 2
A7: Đồ uống | B7: Khác | C7: Chuyển khoản | D7: Đi chợ | E7: =COUNTIFS(ChiTieu!D:D,D7,ChiTieu!A:A,">="&Dashboard!$B$2,ChiTieu!A:A,"<"&EDATE(Dashboard!$B$2,1)) -> 0 | F7: =IF(E7=0,"",RANK(E7,$E$2:$E$100,0)+COUNTIF($E$2:E7,E7)-1)
A8: Gia đình | C8: Thẻ | D8: Leo núi | E8: =COUNTIFS(ChiTieu!D:D,D8,ChiTieu!A:A,">="&Dashboard!$B$2,ChiTieu!A:A,"<"&EDATE(Dashboard!$B$2,1)) -> 0 | F8: =IF(E8=0,"",RANK(E8,$E$2:$E$100,0)+COUNTIF($E$2:E8,E8)-1)
A9: Di chuyển | D9: Kem | E9: =COUNTIFS(ChiTieu!D:D,D9,ChiTieu!A:A,">="&Dashboard!$B$2,ChiTieu!A:A,"<"&EDATE(Dashboard!$B$2,1)) -> 1 | F9: =IF(E9=0,"",RANK(E9,$E$2:$E$100,0)+COUNTIF($E$2:E9,E9)-1) -> 6
A10: Mua sắm | D10: Siêu thị Co.opmart | E10: =COUNTIFS(ChiTieu!D:D,D10,ChiTieu!A:A,">="&Dashboard!$B$2,ChiTieu!A:A,"<"&EDATE(Dashboard!$B$2,1)) -> 0 | F10: =IF(E10=0,"",RANK(E10,$E$2:$E$100,0)+COUNTIF($E$2:E10,E10)-1)
A11: Vật tư
A12: Công nghệ
A13: Giải trí
A14: Công việc
A15: Sức khỏe
A16: May mắn
A17: Khác
A18: Đồ ăn
A19: Tiền điện
A20: Tiền nước

Sheet TongNgayThang
A1: TỔNG CHI THEO NGÀY VÀ THÁNG | G1: BỘ LỌC TỔNG CHI
A2: Tháng đang xem | B2: =Dashboard!B2 -> 46225 | G2: Chế độ xem | H2: Tất cả
G3: Chọn ngày | H3: 46226
A4: Ngày | B4: Tổng chi ngày | C4: Cột 1 | D4: Tháng | E4: Tổng chi tháng | G4: Chọn tháng | H4: =Dashboard!B2 -> 46225
A5: =$B$2 -> 46225 | B5: =IF(MONTH(A5)=MONTH($B$2),SUMIFS(ChiTieu!$E:$E,ChiTieu!$A:$A,A5),"") -> 0 | D5: =EOMONTH(MIN(ChiTieu!$A$2:$A$1003),-1)+1 -> 46204 | E5: =IF(D5="","",SUMIFS(ChiTieu!$E:$E,ChiTieu!$A:$A,">="&D5,ChiTieu!$A:$A,"<"&EDATE(D5,1))) -> 2284000
A6: =IF(A5="","",IF(A5+1<EDATE($B$2,1),A5+1,"")) -> 46226 | B6: =IF(A6="","",SUMIFS(ChiTieu!$E:$E,ChiTieu!$A:$A,A6)) -> 116000 | D6: =IF(EDATE(D5,1)<=EOMONTH(MAX(ChiTieu!$A$2:$A$1003),-1)+1,EDATE(D5,1),"") -> 46235 | E6: =IF(D6="","",SUMIFS(ChiTieu!$E:$E,ChiTieu!$A:$A,">="&D6,ChiTieu!$A:$A,"<"&EDATE(D6,1))) -> 4666157 | G6: Phạm vi đang xem | H6: =IF(H2="Ngày",TEXT(H3,"dd/mm/yyyy"),IF(H2="Tháng",TEXT(H4,"mm/yyyy"),IF(H2="Tất cả","Toàn bộ dữ liệu","Chọn: Ngày / Tháng / Tất cả"))) -> Toàn bộ dữ liệu
A7: =IF(A6="","",IF(A6+1<EDATE($B$2,1),A6+1,"")) -> 46227 | B7: =IF(A7="","",SUMIFS(ChiTieu!$E:$E,ChiTieu!$A:$A,A7)) -> 490000 | D7: =IF(D6="","",IF(EDATE(D6,1)<=EOMONTH(MAX(ChiTieu!$A$2:$A$1003),-1)+1,EDATE(D6,1),"")) | E7: =IF(D7="","",SUMIFS(ChiTieu!$E:$E,ChiTieu!$A:$A,">="&D7,ChiTieu!$A:$A,"<"&EDATE(D7,1))) | G7: Tổng chi | H7: =IF(H2="Ngày",SUMIFS(ChiTieu!$E:$E,ChiTieu!$A:$A,H3),IF(H2="Tháng",SUMIFS(ChiTieu!$E:$E,ChiTieu!$A:$A,">="&EOMONTH(H4,-1)+1,ChiTieu!$A:$A,"<"&EOMONTH(H4,0)+1),IF(H2="Tất cả",SUM(ChiTieu!$E:$E),0))) -> 6950157
A8: =IF(A7="","",IF(A7+1<EDATE($B$2,1),A7+1,"")) -> 46228 | B8: =IF(A8="","",SUMIFS(ChiTieu!$E:$E,ChiTieu!$A:$A,A8)) -> 248000 | D8: =IF(D7="","",IF(EDATE(D7,1)<=EOMONTH(MAX(ChiTieu!$A$2:$A$1003),-1)+1,EDATE(D7,1),"")) | E8: =IF(D8="","",SUMIFS(ChiTieu!$E:$E,ChiTieu!$A:$A,">="&D8,ChiTieu!$A:$A,"<"&EDATE(D8,1)))
A9: =IF(A8="","",IF(A8+1<EDATE($B$2,1),A8+1,"")) -> 46229 | B9: =IF(A9="","",SUMIFS(ChiTieu!$E:$E,ChiTieu!$A:$A,A9)) -> 150000 | D9: =IF(D8="","",IF(EDATE(D8,1)<=EOMONTH(MAX(ChiTieu!$A$2:$A$1003),-1)+1,EDATE(D8,1),"")) | E9: =IF(D9="","",SUMIFS(ChiTieu!$E:$E,ChiTieu!$A:$A,">="&D9,ChiTieu!$A:$A,"<"&EDATE(D9,1))) | G9: Cách dùng | H9: Đổi H2 thành: Ngày, Tháng hoặc Tất cả
A10: =IF(A9="","",IF(A9+1<EDATE($B$2,1),A9+1,"")) -> 46230 | B10: =IF(A10="","",SUMIFS(ChiTieu!$E:$E,ChiTieu!$A:$A,A10)) -> 271000 | D10: =IF(D9="","",IF(EDATE(D9,1)<=EOMONTH(MAX(ChiTieu!$A$2:$A$1003),-1)+1,EDATE(D9,1),"")) | E10: =IF(D10="","",SUMIFS(ChiTieu!$E:$E,ChiTieu!$A:$A,">="&D10,ChiTieu!$A:$A,"<"&EDATE(D10,1))) | H10: Ngày: chọn tại H3 | Tháng: chọn tại H4
A11: =IF(A10="","",IF(A10+1<EDATE($B$2,1),A10+1,"")) -> 46231 | B11: =IF(A11="","",SUMIFS(ChiTieu!$E:$E,ChiTieu!$A:$A,A11)) -> 259000 | D11: =IF(D10="","",IF(EDATE(D10,1)<=EOMONTH(MAX(ChiTieu!$A$2:$A$1003),-1)+1,EDATE(D10,1),"")) | E11: =IF(D11="","",SUMIFS(ChiTieu!$E:$E,ChiTieu!$A:$A,">="&D11,ChiTieu!$A:$A,"<"&EDATE(D11,1)))
A12: =IF(A11="","",IF(A11+1<EDATE($B$2,1),A11+1,"")) -> 46232 | B12: =IF(A12="","",SUMIFS(ChiTieu!$E:$E,ChiTieu!$A:$A,A12)) -> 317000 | D12: =IF(D11="","",IF(EDATE(D11,1)<=EOMONTH(MAX(ChiTieu!$A$2:$A$1003),-1)+1,EDATE(D11,1),"")) | E12: =IF(D12="","",SUMIFS(ChiTieu!$E:$E,ChiTieu!$A:$A,">="&D12,ChiTieu!$A:$A,"<"&EDATE(D12,1)))
A13: =IF(A12="","",IF(A12+1<EDATE($B$2,1),A12+1,"")) -> 46233 | B13: =IF(A13="","",SUMIFS(ChiTieu!$E:$E,ChiTieu!$A:$A,A13)) -> 188000 | D13: =IF(D12="","",IF(EDATE(D12,1)<=EOMONTH(MAX(ChiTieu!$A$2:$A$1003),-1)+1,EDATE(D12,1),"")) | E13: =IF(D13="","",SUMIFS(ChiTieu!$E:$E,ChiTieu!$A:$A,">="&D13,ChiTieu!$A:$A,"<"&EDATE(D13,1)))
A14: =IF(A13="","",IF(A13+1<EDATE($B$2,1),A13+1,"")) -> 46234 | B14: =IF(A14="","",SUMIFS(ChiTieu!$E:$E,ChiTieu!$A:$A,A14)) -> 245000 | D14: =IF(D13="","",IF(EDATE(D13,1)<=EOMONTH(MAX(ChiTieu!$A$2:$A$1003),-1)+1,EDATE(D13,1),"")) | E14: =IF(D14="","",SUMIFS(ChiTieu!$E:$E,ChiTieu!$A:$A,">="&D14,ChiTieu!$A:$A,"<"&EDATE(D14,1)))
A15: =IF(A14="","",IF(A14+1<EDATE($B$2,1),A14+1,"")) -> 46235 | B15: =IF(A15="","",SUMIFS(ChiTieu!$E:$E,ChiTieu!$A:$A,A15)) -> 128000 | D15: =IF(D14="","",IF(EDATE(D14,1)<=EOMONTH(MAX(ChiTieu!$A$2:$A$1003),-1)+1,EDATE(D14,1),"")) | E15: =IF(D15="","",SUMIFS(ChiTieu!$E:$E,ChiTieu!$A:$A,">="&D15,ChiTieu!$A:$A,"<"&EDATE(D15,1)))
A16: =IF(A15="","",IF(A15+1<EDATE($B$2,1),A15+1,"")) -> 46236 | B16: =IF(A16="","",SUMIFS(ChiTieu!$E:$E,ChiTieu!$A:$A,A16)) -> 110000 | D16: =IF(D15="","",IF(EDATE(D15,1)<=EOMONTH(MAX(ChiTieu!$A$2:$A$1003),-1)+1,EDATE(D15,1),"")) | E16: =IF(D16="","",SUMIFS(ChiTieu!$E:$E,ChiTieu!$A:$A,">="&D16,ChiTieu!$A:$A,"<"&EDATE(D16,1)))
A17: =IF(A16="","",IF(A16+1<EDATE($B$2,1),A16+1,"")) -> 46237 | B17: =IF(A17="","",SUMIFS(ChiTieu!$E:$E,ChiTieu!$A:$A,A17)) -> 331000 | D17: =IF(D16="","",IF(EDATE(D16,1)<=EOMONTH(MAX(ChiTieu!$A$2:$A$1003),-1)+1,EDATE(D16,1),"")) | E17: =IF(D17="","",SUMIFS(ChiTieu!$E:$E,ChiTieu!$A:$A,">="&D17,ChiTieu!$A:$A,"<"&EDATE(D17,1)))
A18: =IF(A17="","",IF(A17+1<EDATE($B$2,1),A17+1,"")) -> 46238 | B18: =IF(A18="","",SUMIFS(ChiTieu!$E:$E,ChiTieu!$A:$A,A18)) -> 1674157 | D18: =IF(D17="","",IF(EDATE(D17,1)<=EOMONTH(MAX(ChiTieu!$A$2:$A$1003),-1)+1,EDATE(D17,1),"")) | E18: =IF(D18="","",SUMIFS(ChiTieu!$E:$E,ChiTieu!$A:$A,">="&D18,ChiTieu!$A:$A,"<"&EDATE(D18,1)))
A19: =IF(A18="","",IF(A18+1<EDATE($B$2,1),A18+1,"")) -> 46239 | B19: =IF(A19="","",SUMIFS(ChiTieu!$E:$E,ChiTieu!$A:$A,A19)) -> 136000 | D19: =IF(D18="","",IF(EDATE(D18,1)<=EOMONTH(MAX(ChiTieu!$A$2:$A$1003),-1)+1,EDATE(D18,1),"")) | E19: =IF(D19="","",SUMIFS(ChiTieu!$E:$E,ChiTieu!$A:$A,">="&D19,ChiTieu!$A:$A,"<"&EDATE(D19,1)))
A20: =IF(A19="","",IF(A19+1<EDATE($B$2,1),A19+1,"")) -> 46240 | B20: =IF(A20="","",SUMIFS(ChiTieu!$E:$E,ChiTieu!$A:$A,A20)) -> 214000 | D20: =IF(D19="","",IF(EDATE(D19,1)<=EOMONTH(MAX(ChiTieu!$A$2:$A$1003),-1)+1,EDATE(D19,1),"")) | E20: =IF(D20="","",SUMIFS(ChiTieu!$E:$E,ChiTieu!$A:$A,">="&D20,ChiTieu!$A:$A,"<"&EDATE(D20,1)))
A21: =IF(A20="","",IF(A20+1<EDATE($B$2,1),A20+1,"")) -> 46241 | B21: =IF(A21="","",SUMIFS(ChiTieu!$E:$E,ChiTieu!$A:$A,A21)) -> 241000 | D21: =IF(D20="","",IF(EDATE(D20,1)<=EOMONTH(MAX(ChiTieu!$A$2:$A$1003),-1)+1,EDATE(D20,1),"")) | E21: =IF(D21="","",SUMIFS(ChiTieu!$E:$E,ChiTieu!$A:$A,">="&D21,ChiTieu!$A:$A,"<"&EDATE(D21,1)))
A22: =IF(A21="","",IF(A21+1<EDATE($B$2,1),A21+1,"")) -> 46242 | B22: =IF(A22="","",SUMIFS(ChiTieu!$E:$E,ChiTieu!$A:$A,A22)) -> 159000 | D22: =IF(D21="","",IF(EDATE(D21,1)<=EOMONTH(MAX(ChiTieu!$A$2:$A$1003),-1)+1,EDATE(D21,1),"")) | E22: =IF(D22="","",SUMIFS(ChiTieu!$E:$E,ChiTieu!$A:$A,">="&D22,ChiTieu!$A:$A,"<"&EDATE(D22,1)))
... A35: =IF(A34="","",IF(A34+1<EDATE($B$2,1),A34+1,"")) -> 46255 | B35: =IF(A35="","",SUMIFS(ChiTieu!$E:$E,ChiTieu!$A:$A,A35)) -> 0 | D35: =IF(D34="","",IF(EDATE(D34,1)<=EOMONTH(MAX(ChiTieu!$A$2:$A$1003),-1)+1,EDATE(D34,1),"")) | E35: =IF(D35="","",SUMIFS(ChiTieu!$E:$E,ChiTieu!$A:$A,">="&D35,ChiTieu!$A:$A,"<"&EDATE(D35,1)))
D36: =IF(D35="","",IF(EDATE(D35,1)<=EOMONTH(MAX(ChiTieu!$A$2:$A$1003),-1)+1,EDATE(D35,1),"")) | E36: =IF(D36="","",SUMIFS(ChiTieu!$E:$E,ChiTieu!$A:$A,">="&D36,ChiTieu!$A:$A,"<"&EDATE(D36,1)))
D37: =IF(D36="","",IF(EDATE(D36,1)<=EOMONTH(MAX(ChiTieu!$A$2:$A$1003),-1)+1,EDATE(D36,1),"")) | E37: =IF(D37="","",SUMIFS(ChiTieu!$E:$E,ChiTieu!$A:$A,">="&D37,ChiTieu!$A:$A,"<"&EDATE(D37,1)))
D38: =IF(D37="","",IF(EDATE(D37,1)<=EOMONTH(MAX(ChiTieu!$A$2:$A$1003),-1)+1,EDATE(D37,1),"")) | E38: =IF(D38="","",SUMIFS(ChiTieu!$E:$E,ChiTieu!$A:$A,">="&D38,ChiTieu!$A:$A,"<"&EDATE(D38,1)))
D39: =IF(D38="","",IF(EDATE(D38,1)<=EOMONTH(MAX(ChiTieu!$A$2:$A$1003),-1)+1,EDATE(D38,1),"")) | E39: =IF(D39="","",SUMIFS(ChiTieu!$E:$E,ChiTieu!$A:$A,">="&D39,ChiTieu!$A:$A,"<"&EDATE(D39,1)))
D40: =IF(D39="","",IF(EDATE(D39,1)<=EOMONTH(MAX(ChiTieu!$A$2:$A$1003),-1)+1,EDATE(D39,1),"")) | E40: =IF(D40="","",SUMIFS(ChiTieu!$E:$E,ChiTieu!$A:$A,">="&D40,ChiTieu!$A:$A,"<"&EDATE(D40,1)))
D41: =IF(D40="","",IF(EDATE(D40,1)<=EOMONTH(MAX(ChiTieu!$A$2:$A$1003),-1)+1,EDATE(D40,1),"")) | E41: =IF(D41="","",SUMIFS(ChiTieu!$E:$E,ChiTieu!$A:$A,">="&D41,ChiTieu!$A:$A,"<"&EDATE(D41,1)))

Sheet Dashboard
A1: DASHBOARD CHI TIÊU CÁ NHÂN
A2: Tháng phân tích | B2: 46225 | D2: Tổng chi tháng | E2: =SUMIFS(ChiTieu!E:E,ChiTieu!A:A,">="&$B$2,ChiTieu!A:A,"<"&EDATE($B$2,1)) -> 6950157 | G2: Tháng trước | H2: =SUMIFS(ChiTieu!E:E,ChiTieu!A:A,">="&EDATE($B$2,-1),ChiTieu!A:A,"<"&$B$2) -> 0 | J2: Thay đổi | K2: =IF(H2=0,IF(E2=0,0,1),E2/H2-1) -> 1
A4: Số giao dịch | B4: =COUNTIFS(ChiTieu!A:A,">="&$B$2,ChiTieu!A:A,"<"&EDATE($B$2,1)) -> 150 | D4: Chi trung bình | E4: =IFERROR(E2/B4,0) -> 46334.38 | G4: Khoản lớn nhất | H4: =IFERROR(MAXIFS(ChiTieu!E:E,ChiTieu!A:A,">="&$B$2,ChiTieu!A:A,"<"&EDATE($B$2,1)),0) -> 1306195 | J4: Tag nổi bật | K4: {=IFERROR(INDEX($E$22:$E$27,MATCH(MAX($F$22:$F$27),$F$22:$F$27,0)),"—")} -> Bản thân
A6: CHI TIÊU THEO NHÓM | E6: TOP 10 KHOẢN CHI NHIỀU TIỀN NHẤT | I6: TOP 10 XUẤT HIỆN NHIỀU NHẤT
A7: Nhóm | B7: Số tiền | C7: Biểu đồ | E7: Khoản chi | F7: Nhóm | G7: Số tiền | I7: Khoản chi | J7: Số lần
A8: =DanhMuc!A2 -> Ăn sáng | B8: =SUMIFS(ChiTieu!E:E,ChiTieu!B:B,A8,ChiTieu!A:A,">="&$B$2,ChiTieu!A:A,"<"&EDATE($B$2,1)) -> 710000 | C8: =IF(OR(B8=0,MAX($B$8:$B$23)=0),"",REPT("█",MAX(1,ROUND(B8/MAX($B$8:$B$23)*18,0)))) -> ███████████ | E8: {=IFERROR(INDEX(ChiTieu!$D$2:$D$1003,MATCH(ROWS($E$8:E8),ChiTieu!$J$2:$J$1003,0)),"")} | F8: {=IF(E8="","",INDEX(ChiTieu!$B$2:$B$1003,MATCH(ROWS($E$8:E8),ChiTieu!$J$2:$J$1003,0)))} | G8: {=IF(E8="","",INDEX(ChiTieu!$E$2:$E$1003,MATCH(ROWS($E$8:E8),ChiTieu!$J$2:$J$1003,0)))} | I8: {=IFERROR(INDEX(DanhMuc!$D$2:$D$100,MATCH(ROWS($I$8:I8),DanhMuc!$F$2:$F$100,0)),"")} -> Cơm | J8: =IF(I8="","",SUMIF(DanhMuc!$D$2:$D$100,I8,DanhMuc!$E$2:$E$100)) -> 27
A9: =DanhMuc!A3 -> Ăn trưa | B9: =SUMIFS(ChiTieu!E:E,ChiTieu!B:B,A9,ChiTieu!A:A,">="&$B$2,ChiTieu!A:A,"<"&EDATE($B$2,1)) -> 552000 | C9: =IF(OR(B9=0,MAX($B$8:$B$23)=0),"",REPT("█",MAX(1,ROUND(B9/MAX($B$8:$B$23)*18,0)))) -> █████████ | E9: {=IFERROR(INDEX(ChiTieu!$D$2:$D$1003,MATCH(ROWS($E$8:E9),ChiTieu!$J$2:$J$1003,0)),"")} | F9: {=IF(E9="","",INDEX(ChiTieu!$B$2:$B$1003,MATCH(ROWS($E$8:E9),ChiTieu!$J$2:$J$1003,0)))} | G9: {=IF(E9="","",INDEX(ChiTieu!$E$2:$E$1003,MATCH(ROWS($E$8:E9),ChiTieu!$J$2:$J$1003,0)))} | I9: {=IFERROR(INDEX(DanhMuc!$D$2:$D$100,MATCH(ROWS($I$8:I9),DanhMuc!$F$2:$F$100,0)),"")} -> Vé số | J9: =IF(I9="","",SUMIF(DanhMuc!$D$2:$D$100,I9,DanhMuc!$E$2:$E$100)) -> 20
A10: =DanhMuc!A4 -> Ăn tối | B10: =SUMIFS(ChiTieu!E:E,ChiTieu!B:B,A10,ChiTieu!A:A,">="&$B$2,ChiTieu!A:A,"<"&EDATE($B$2,1)) -> 509000 | C10: =IF(OR(B10=0,MAX($B$8:$B$23)=0),"",REPT("█",MAX(1,ROUND(B10/MAX($B$8:$B$23)*18,0)))) -> ████████ | E10: {=IFERROR(INDEX(ChiTieu!$D$2:$D$1003,MATCH(ROWS($E$8:E10),ChiTieu!$J$2:$J$1003,0)),"")} | F10: {=IF(E10="","",INDEX(ChiTieu!$B$2:$B$1003,MATCH(ROWS($E$8:E10),ChiTieu!$J$2:$J$1003,0)))} | G10: {=IF(E10="","",INDEX(ChiTieu!$E$2:$E$1003,MATCH(ROWS($E$8:E10),ChiTieu!$J$2:$J$1003,0)))} | I10: {=IFERROR(INDEX(DanhMuc!$D$2:$D$100,MATCH(ROWS($I$8:I10),DanhMuc!$F$2:$F$100,0)),"")} -> Cà phê sữa | J10: =IF(I10="","",SUMIF(DanhMuc!$D$2:$D$100,I10,DanhMuc!$E$2:$E$100)) -> 8
A11: =DanhMuc!A5 -> Ăn vặt | B11: =SUMIFS(ChiTieu!E:E,ChiTieu!B:B,A11,ChiTieu!A:A,">="&$B$2,ChiTieu!A:A,"<"&EDATE($B$2,1)) -> 0 | C11: =IF(OR(B11=0,MAX($B$8:$B$23)=0),"",REPT("█",MAX(1,ROUND(B11/MAX($B$8:$B$23)*18,0)))) | E11: {=IFERROR(INDEX(ChiTieu!$D$2:$D$1003,MATCH(ROWS($E$8:E11),ChiTieu!$J$2:$J$1003,0)),"")} | F11: {=IF(E11="","",INDEX(ChiTieu!$B$2:$B$1003,MATCH(ROWS($E$8:E11),ChiTieu!$J$2:$J$1003,0)))} | G11: {=IF(E11="","",INDEX(ChiTieu!$E$2:$E$1003,MATCH(ROWS($E$8:E11),ChiTieu!$J$2:$J$1003,0)))} | I11: {=IFERROR(INDEX(DanhMuc!$D$2:$D$100,MATCH(ROWS($I$8:I11),DanhMuc!$F$2:$F$100,0)),"")} -> Vietlott | J11: =IF(I11="","",SUMIF(DanhMuc!$D$2:$D$100,I11,DanhMuc!$E$2:$E$100)) -> 2
A12: =DanhMuc!A6 -> Cafe | B12: =SUMIFS(ChiTieu!E:E,ChiTieu!B:B,A12,ChiTieu!A:A,">="&$B$2,ChiTieu!A:A,"<"&EDATE($B$2,1)) -> 481000 | C12: =IF(OR(B12=0,MAX($B$8:$B$23)=0),"",REPT("█",MAX(1,ROUND(B12/MAX($B$8:$B$23)*18,0)))) -> ████████ | E12: {=IFERROR(INDEX(ChiTieu!$D$2:$D$1003,MATCH(ROWS($E$8:E12),ChiTieu!$J$2:$J$1003,0)),"")} | F12: {=IF(E12="","",INDEX(ChiTieu!$B$2:$B$1003,MATCH(ROWS($E$8:E12),ChiTieu!$J$2:$J$1003,0)))} | G12: {=IF(E12="","",INDEX(ChiTieu!$E$2:$E$1003,MATCH(ROWS($E$8:E12),ChiTieu!$J$2:$J$1003,0)))} | I12: {=IFERROR(INDEX(DanhMuc!$D$2:$D$100,MATCH(ROWS($I$8:I12),DanhMuc!$F$2:$F$100,0)),"")} -> Mì Quảng | J12: =IF(I12="","",SUMIF(DanhMuc!$D$2:$D$100,I12,DanhMuc!$E$2:$E$100)) -> 1
A13: =DanhMuc!A7 -> Đồ uống | B13: =SUMIFS(ChiTieu!E:E,ChiTieu!B:B,A13,ChiTieu!A:A,">="&$B$2,ChiTieu!A:A,"<"&EDATE($B$2,1)) -> 396000 | C13: =IF(OR(B13=0,MAX($B$8:$B$23)=0),"",REPT("█",MAX(1,ROUND(B13/MAX($B$8:$B$23)*18,0)))) -> ██████ | E13: {=IFERROR(INDEX(ChiTieu!$D$2:$D$1003,MATCH(ROWS($E$8:E13),ChiTieu!$J$2:$J$1003,0)),"")} | F13: {=IF(E13="","",INDEX(ChiTieu!$B$2:$B$1003,MATCH(ROWS($E$8:E13),ChiTieu!$J$2:$J$1003,0)))} | G13: {=IF(E13="","",INDEX(ChiTieu!$E$2:$E$1003,MATCH(ROWS($E$8:E13),ChiTieu!$J$2:$J$1003,0)))} | I13: {=IFERROR(INDEX(DanhMuc!$D$2:$D$100,MATCH(ROWS($I$8:I13),DanhMuc!$F$2:$F$100,0)),"")} -> Kem | J13: =IF(I13="","",SUMIF(DanhMuc!$D$2:$D$100,I13,DanhMuc!$E$2:$E$100)) -> 1
A14: =DanhMuc!A8 -> Gia đình | B14: =SUMIFS(ChiTieu!E:E,ChiTieu!B:B,A14,ChiTieu!A:A,">="&$B$2,ChiTieu!A:A,"<"&EDATE($B$2,1)) -> 0 | C14: =IF(OR(B14=0,MAX($B$8:$B$23)=0),"",REPT("█",MAX(1,ROUND(B14/MAX($B$8:$B$23)*18,0)))) | E14: {=IFERROR(INDEX(ChiTieu!$D$2:$D$1003,MATCH(ROWS($E$8:E14),ChiTieu!$J$2:$J$1003,0)),"")} | F14: {=IF(E14="","",INDEX(ChiTieu!$B$2:$B$1003,MATCH(ROWS($E$8:E14),ChiTieu!$J$2:$J$1003,0)))} | G14: {=IF(E14="","",INDEX(ChiTieu!$E$2:$E$1003,MATCH(ROWS($E$8:E14),ChiTieu!$J$2:$J$1003,0)))} | I14: {=IFERROR(INDEX(DanhMuc!$D$2:$D$100,MATCH(ROWS($I$8:I14),DanhMuc!$F$2:$F$100,0)),"")} | J14: =IF(I14="","",SUMIF(DanhMuc!$D$2:$D$100,I14,DanhMuc!$E$2:$E$100))
A15: =DanhMuc!A9 -> Di chuyển | B15: =SUMIFS(ChiTieu!E:E,ChiTieu!B:B,A15,ChiTieu!A:A,">="&$B$2,ChiTieu!A:A,"<"&EDATE($B$2,1)) -> 1125000 | C15: =IF(OR(B15=0,MAX($B$8:$B$23)=0),"",REPT("█",MAX(1,ROUND(B15/MAX($B$8:$B$23)*18,0)))) -> ██████████████████ | E15: {=IFERROR(INDEX(ChiTieu!$D$2:$D$1003,MATCH(ROWS($E$8:E15),ChiTieu!$J$2:$J$1003,0)),"")} | F15: {=IF(E15="","",INDEX(ChiTieu!$B$2:$B$1003,MATCH(ROWS($E$8:E15),ChiTieu!$J$2:$J$1003,0)))} | G15: {=IF(E15="","",INDEX(ChiTieu!$E$2:$E$1003,MATCH(ROWS($E$8:E15),ChiTieu!$J$2:$J$1003,0)))} | I15: {=IFERROR(INDEX(DanhMuc!$D$2:$D$100,MATCH(ROWS($I$8:I15),DanhMuc!$F$2:$F$100,0)),"")} | J15: =IF(I15="","",SUMIF(DanhMuc!$D$2:$D$100,I15,DanhMuc!$E$2:$E$100))
A16: =DanhMuc!A10 -> Mua sắm | B16: =SUMIFS(ChiTieu!E:E,ChiTieu!B:B,A16,ChiTieu!A:A,">="&$B$2,ChiTieu!A:A,"<"&EDATE($B$2,1)) -> 0 | C16: =IF(OR(B16=0,MAX($B$8:$B$23)=0),"",REPT("█",MAX(1,ROUND(B16/MAX($B$8:$B$23)*18,0)))) | E16: {=IFERROR(INDEX(ChiTieu!$D$2:$D$1003,MATCH(ROWS($E$8:E16),ChiTieu!$J$2:$J$1003,0)),"")} | F16: {=IF(E16="","",INDEX(ChiTieu!$B$2:$B$1003,MATCH(ROWS($E$8:E16),ChiTieu!$J$2:$J$1003,0)))} | G16: {=IF(E16="","",INDEX(ChiTieu!$E$2:$E$1003,MATCH(ROWS($E$8:E16),ChiTieu!$J$2:$J$1003,0)))} | I16: {=IFERROR(INDEX(DanhMuc!$D$2:$D$100,MATCH(ROWS($I$8:I16),DanhMuc!$F$2:$F$100,0)),"")} | J16: =IF(I16="","",SUMIF(DanhMuc!$D$2:$D$100,I16,DanhMuc!$E$2:$E$100))
A17: =DanhMuc!A11 -> Vật tư | B17: =SUMIFS(ChiTieu!E:E,ChiTieu!B:B,A17,ChiTieu!A:A,">="&$B$2,ChiTieu!A:A,"<"&EDATE($B$2,1)) -> 0 | C17: =IF(OR(B17=0,MAX($B$8:$B$23)=0),"",REPT("█",MAX(1,ROUND(B17/MAX($B$8:$B$23)*18,0)))) | E17: {=IFERROR(INDEX(ChiTieu!$D$2:$D$1003,MATCH(ROWS($E$8:E17),ChiTieu!$J$2:$J$1003,0)),"")} | F17: {=IF(E17="","",INDEX(ChiTieu!$B$2:$B$1003,MATCH(ROWS($E$8:E17),ChiTieu!$J$2:$J$1003,0)))} | G17: {=IF(E17="","",INDEX(ChiTieu!$E$2:$E$1003,MATCH(ROWS($E$8:E17),ChiTieu!$J$2:$J$1003,0)))} | I17: {=IFERROR(INDEX(DanhMuc!$D$2:$D$100,MATCH(ROWS($I$8:I17),DanhMuc!$F$2:$F$100,0)),"")} | J17: =IF(I17="","",SUMIF(DanhMuc!$D$2:$D$100,I17,DanhMuc!$E$2:$E$100))
A18: =DanhMuc!A12 -> Công nghệ | B18: =SUMIFS(ChiTieu!E:E,ChiTieu!B:B,A18,ChiTieu!A:A,">="&$B$2,ChiTieu!A:A,"<"&EDATE($B$2,1)) -> 0 | C18: =IF(OR(B18=0,MAX($B$8:$B$23)=0),"",REPT("█",MAX(1,ROUND(B18/MAX($B$8:$B$23)*18,0))))
A19: =DanhMuc!A13 -> Giải trí | B19: =SUMIFS(ChiTieu!E:E,ChiTieu!B:B,A19,ChiTieu!A:A,">="&$B$2,ChiTieu!A:A,"<"&EDATE($B$2,1)) -> 0 | C19: =IF(OR(B19=0,MAX($B$8:$B$23)=0),"",REPT("█",MAX(1,ROUND(B19/MAX($B$8:$B$23)*18,0))))
A20: =DanhMuc!A14 -> Công việc | B20: =SUMIFS(ChiTieu!E:E,ChiTieu!B:B,A20,ChiTieu!A:A,">="&$B$2,ChiTieu!A:A,"<"&EDATE($B$2,1)) -> 0 | C20: =IF(OR(B20=0,MAX($B$8:$B$23)=0),"",REPT("█",MAX(1,ROUND(B20/MAX($B$8:$B$23)*18,0)))) | E20: CHI TIÊU THEO TAG | I20: THEO PHƯƠNG THỨC THANH TOÁN
A21: =DanhMuc!A15 -> Sức khỏe | B21: =SUMIFS(ChiTieu!E:E,ChiTieu!B:B,A21,ChiTieu!A:A,">="&$B$2,ChiTieu!A:A,"<"&EDATE($B$2,1)) -> 0 | C21: =IF(OR(B21=0,MAX($B$8:$B$23)=0),"",REPT("█",MAX(1,ROUND(B21/MAX($B$8:$B$23)*18,0)))) | E21: Tag | F21: Số tiền | I21: Phương thức | J21: Số tiền
A22: =DanhMuc!A16 -> May mắn | B22: =SUMIFS(ChiTieu!E:E,ChiTieu!B:B,A22,ChiTieu!A:A,">="&$B$2,ChiTieu!A:A,"<"&EDATE($B$2,1)) -> 890000 | C22: =IF(OR(B22=0,MAX($B$8:$B$23)=0),"",REPT("█",MAX(1,ROUND(B22/MAX($B$8:$B$23)*18,0)))) -> ██████████████ | E22: =DanhMuc!B2 -> Bản thân | F22: =SUMIFS(ChiTieu!E:E,ChiTieu!H:H,E22,ChiTieu!A:A,">="&$B$2,ChiTieu!A:A,"<"&EDATE($B$2,1)) -> 3031000 | I22: =DanhMuc!C2 -> Momo | J22: =SUMIFS(ChiTieu!E:E,ChiTieu!F:F,I22,ChiTieu!A:A,">="&$B$2,ChiTieu!A:A,"<"&EDATE($B$2,1)) -> 2587962
A23: =DanhMuc!A17 -> Khác | B23: =SUMIFS(ChiTieu!E:E,ChiTieu!B:B,A23,ChiTieu!A:A,">="&$B$2,ChiTieu!A:A,"<"&EDATE($B$2,1)) -> 400000 | C23: =IF(OR(B23=0,MAX($B$8:$B$23)=0),"",REPT("█",MAX(1,ROUND(B23/MAX($B$8:$B$23)*18,0)))) -> ██████ | E23: =DanhMuc!B3 -> Gia đình | F23: =SUMIFS(ChiTieu!E:E,ChiTieu!H:H,E23,ChiTieu!A:A,">="&$B$2,ChiTieu!A:A,"<"&EDATE($B$2,1)) -> 1720157 | I23: =DanhMuc!C3 -> Thẻ SHB | J23: =SUMIFS(ChiTieu!E:E,ChiTieu!F:F,I23,ChiTieu!A:A,">="&$B$2,ChiTieu!A:A,"<"&EDATE($B$2,1)) -> 607000
E24: =DanhMuc!B4 -> Về quê | F24: =SUMIFS(ChiTieu!E:E,ChiTieu!H:H,E24,ChiTieu!A:A,">="&$B$2,ChiTieu!A:A,"<"&EDATE($B$2,1)) -> 0 | I24: =DanhMuc!C4 -> VCB | J24: =SUMIFS(ChiTieu!E:E,ChiTieu!F:F,I24,ChiTieu!A:A,">="&$B$2,ChiTieu!A:A,"<"&EDATE($B$2,1)) -> 417000
E25: =DanhMuc!B5 -> Đi chơi hè | F25: =SUMIFS(ChiTieu!E:E,ChiTieu!H:H,E25,ChiTieu!A:A,">="&$B$2,ChiTieu!A:A,"<"&EDATE($B$2,1)) -> 0 | I25: =DanhMuc!C5 -> App Vietlot | J25: =SUMIFS(ChiTieu!E:E,ChiTieu!F:F,I25,ChiTieu!A:A,">="&$B$2,ChiTieu!A:A,"<"&EDATE($B$2,1)) -> 100000
A26: Gợi ý: cập nhật cột Tag trong sheet ChiTieu để theo dõi Về quê, Đi chơi hè, Team, Gia đình... | E26: =DanhMuc!B6 -> Team | F26: =SUMIFS(ChiTieu!E:E,ChiTieu!H:H,E26,ChiTieu!A:A,">="&$B$2,ChiTieu!A:A,"<"&EDATE($B$2,1)) -> 0 | I26: =DanhMuc!C6 -> Tiền mặt | J26: =SUMIFS(ChiTieu!E:E,ChiTieu!F:F,I26,ChiTieu!A:A,">="&$B$2,ChiTieu!A:A,"<"&EDATE($B$2,1)) -> 1189000
A27: Danh sách tháng tự động nằm tại sheet DanhMuc, cột B. | E27: =DanhMuc!B7 -> Khác | F27: =SUMIFS(ChiTieu!E:E,ChiTieu!H:H,E27,ChiTieu!A:A,">="&$B$2,ChiTieu!A:A,"<"&EDATE($B$2,1)) -> 200000 | I27: =DanhMuc!C7 -> Chuyển khoản | J27: =SUMIFS(ChiTieu!E:E,ChiTieu!F:F,I27,ChiTieu!A:A,">="&$B$2,ChiTieu!A:A,"<"&EDATE($B$2,1)) -> 0
A28: Lưu ý: dữ liệu tháng 07/2026 có giao dịch ngày 26/07/2026, sau ngày hiện tại 23/07/2026; dashboard vẫn tính các dòng này. | I28: =DanhMuc!C8 -> Thẻ | J28: =SUMIFS(ChiTieu!E:E,ChiTieu!F:F,I28,ChiTieu!A:A,">="&$B$2,ChiTieu!A:A,"<"&EDATE($B$2,1)) -> 0
